"spp","site","n_trees","n_crop","prop_crop","max_crop_dbh","mean_crop_dbh","dbh_50pct","effective_dbh_threshold","scenario","factor_type","factor_value"
"BM","clayplain",912,234,0.256578947368421,17,12.3034188034188,10,10,"base","base",1
"BM","granitictill",912,215,0.235745614035088,18,12.4511627906977,10,10,"base","base",1
"BM","mountaintill",912,230,0.25219298245614,17,12.6608695652174,10,10,"base","base",1
"BM","richnhw",912,218,0.239035087719298,17,12.8256880733945,10,10,"base","base",1
"PB","clayplain",912,183,0.200657894736842,17,12.5464480874317,10,10,"base","base",1
"PB","granitictill",912,175,0.191885964912281,19,13.0342857142857,11,11,"base","base",1
"PB","mountaintill",912,147,0.161184210526316,19,13.5646258503401,28,28,"base","base",1
"PB","richnhw",912,139,0.152412280701754,18,13.568345323741,28,28,"base","base",1
"RM","clayplain",912,311,0.341008771929825,19,13.1768488745981,10,10,"base","base",1
"RM","granitictill",912,301,0.330043859649123,19,13.328903654485,10,10,"base","base",1
"RM","mountaintill",912,289,0.316885964912281,20,13.8304498269896,10,10,"base","base",1
"RM","richnhw",912,281,0.308114035087719,19,13.7580071174377,10,10,"base","base",1
"SO","clayplain",912,320,0.350877192982456,20,13.06875,10,10,"base","base",1
"SO","granitictill",912,330,0.361842105263158,20,13.3212121212121,10,10,"base","base",1
"SO","mountaintill",912,328,0.359649122807018,21,13.6707317073171,10,10,"base","base",1
"SO","richnhw",912,321,0.351973684210526,20,13.5015576323988,10,10,"base","base",1
"WO","clayplain",912,388,0.425438596491228,20,13.7809278350515,10,10,"base","base",1
"WO","granitictill",912,405,0.444078947368421,21,14.0148148148148,10,10,"base","base",1
"WO","mountaintill",912,400,0.43859649122807,21,14.0725,10,10,"base","base",1
"WO","richnhw",912,390,0.427631578947368,20,14,10,10,"base","base",1
"WP","clayplain",912,18,0.0197368421052632,11,10.1666666666667,28,28,"base","base",1
"WP","granitictill",912,3,0.00328947368421053,10,10,28,28,"base","base",1
"WP","mountaintill",912,0,0,NA,NA,NA,0,"base","base",1
"WP","richnhw",912,0,0,NA,NA,NA,0,"base","base",1
"YB","clayplain",342,234,0.684210526315789,24,16.0598290598291,10,10,"base","base",1
"YB","granitictill",342,180,0.526315789473684,21,14.6388888888889,10,10,"base","base",1
"YB","mountaintill",342,182,0.532163742690059,21,14.7252747252747,10,10,"base","base",1
"YB","richnhw",342,244,0.713450292397661,25,16.3401639344262,10,10,"base","base",1
"BM","clayplain",912,282,0.309210526315789,17,12.6595744680851,10,10,"mortality_0.4","mortality",0.4
"BM","granitictill",912,264,0.289473684210526,18,12.6818181818182,10,10,"mortality_0.4","mortality",0.4
"BM","mountaintill",912,265,0.290570175438596,18,12.8301886792453,10,10,"mortality_0.4","mortality",0.4
"BM","richnhw",912,259,0.283991228070175,18,12.8918918918919,10,10,"mortality_0.4","mortality",0.4
"PB","clayplain",912,247,0.270833333333333,18,12.8421052631579,10,10,"mortality_0.4","mortality",0.4
"PB","granitictill",912,222,0.243421052631579,19,13.1351351351351,10,10,"mortality_0.4","mortality",0.4
"PB","mountaintill",912,195,0.213815789473684,19,13.6102564102564,13,13,"mortality_0.4","mortality",0.4
"PB","richnhw",912,179,0.196271929824561,18,13.5307262569832,28,28,"mortality_0.4","mortality",0.4
"RM","clayplain",912,364,0.399122807017544,20,13.6043956043956,10,10,"mortality_0.4","mortality",0.4
"RM","granitictill",912,345,0.378289473684211,20,13.5971014492754,10,10,"mortality_0.4","mortality",0.4
"RM","mountaintill",912,342,0.375,20,13.9736842105263,10,10,"mortality_0.4","mortality",0.4
"RM","richnhw",912,327,0.358552631578947,20,13.9051987767584,10,10,"mortality_0.4","mortality",0.4
"SO","clayplain",912,358,0.392543859649123,20,13.4245810055866,10,10,"mortality_0.4","mortality",0.4
"SO","granitictill",912,362,0.396929824561404,20,13.5303867403315,10,10,"mortality_0.4","mortality",0.4
"SO","mountaintill",912,367,0.402412280701754,21,13.7738419618529,10,10,"mortality_0.4","mortality",0.4
"SO","richnhw",912,358,0.392543859649123,20,13.6201117318436,10,10,"mortality_0.4","mortality",0.4
"WO","clayplain",912,421,0.461622807017544,21,14.0926365795724,10,10,"mortality_0.4","mortality",0.4
"WO","granitictill",912,431,0.472587719298246,21,14.2436194895592,10,10,"mortality_0.4","mortality",0.4
"WO","mountaintill",912,428,0.469298245614035,21,14.3084112149533,10,10,"mortality_0.4","mortality",0.4
"WO","richnhw",912,420,0.460526315789474,21,14.2690476190476,10,10,"mortality_0.4","mortality",0.4
"WP","clayplain",912,18,0.0197368421052632,11,10.1666666666667,28,28,"mortality_0.4","mortality",0.4
"WP","granitictill",912,12,0.0131578947368421,11,10.25,28,28,"mortality_0.4","mortality",0.4
"WP","mountaintill",912,3,0.00328947368421053,10,10,28,28,"mortality_0.4","mortality",0.4
"WP","richnhw",912,0,0,NA,NA,NA,0,"mortality_0.4","mortality",0.4
"YB","clayplain",342,253,0.739766081871345,24,16.5652173913043,10,10,"mortality_0.4","mortality",0.4
"YB","granitictill",342,195,0.570175438596491,21,14.9692307692308,10,10,"mortality_0.4","mortality",0.4
"YB","mountaintill",342,198,0.578947368421053,22,15.0959595959596,10,10,"mortality_0.4","mortality",0.4
"YB","richnhw",342,254,0.742690058479532,25,16.6141732283465,10,10,"mortality_0.4","mortality",0.4
"BM","clayplain",912,183,0.200657894736842,16,12.0546448087432,10,10,"mortality_0.8","mortality",0.8
"BM","granitictill",912,164,0.179824561403509,17,12.2134146341463,10,10,"mortality_0.8","mortality",0.8
"BM","mountaintill",912,188,0.206140350877193,17,12.5478723404255,10,10,"mortality_0.8","mortality",0.8
"BM","richnhw",912,180,0.197368421052632,17,12.6722222222222,10,10,"mortality_0.8","mortality",0.8
"PB","clayplain",912,130,0.142543859649123,17,12.3615384615385,13,13,"mortality_0.8","mortality",0.8
"PB","granitictill",912,130,0.142543859649123,18,12.9769230769231,28,28,"mortality_0.8","mortality",0.8
"PB","mountaintill",912,105,0.115131578947368,19,13.6380952380952,28,28,"mortality_0.8","mortality",0.8
"PB","richnhw",912,98,0.107456140350877,17,13.3877551020408,28,28,"mortality_0.8","mortality",0.8
"RM","clayplain",912,265,0.290570175438596,19,12.9471698113208,10,10,"mortality_0.8","mortality",0.8
"RM","granitictill",912,252,0.276315789473684,19,13.2103174603175,10,10,"mortality_0.8","mortality",0.8
"RM","mountaintill",912,238,0.260964912280702,20,13.7436974789916,10,10,"mortality_0.8","mortality",0.8
"RM","richnhw",912,234,0.256578947368421,19,13.6410256410256,11,11,"mortality_0.8","mortality",0.8
"SO","clayplain",912,271,0.297149122807018,19,12.7343173431734,10,10,"mortality_0.8","mortality",0.8
"SO","granitictill",912,286,0.31359649122807,19,13.1118881118881,10,10,"mortality_0.8","mortality",0.8
"SO","mountaintill",912,284,0.31140350877193,21,13.5316901408451,10,10,"mortality_0.8","mortality",0.8
"SO","richnhw",912,284,0.31140350877193,20,13.4014084507042,10,10,"mortality_0.8","mortality",0.8
"WO","clayplain",912,345,0.378289473684211,19,13.3942028985507,10,10,"mortality_0.8","mortality",0.8
"WO","granitictill",912,373,0.408991228070175,21,13.7828418230563,10,10,"mortality_0.8","mortality",0.8
"WO","mountaintill",912,364,0.399122807017544,21,13.9065934065934,10,10,"mortality_0.8","mortality",0.8
"WO","richnhw",912,358,0.392543859649123,20,13.8100558659218,10,10,"mortality_0.8","mortality",0.8
"WP","clayplain",912,18,0.0197368421052632,11,10.1666666666667,28,28,"mortality_0.8","mortality",0.8
"WP","granitictill",912,3,0.00328947368421053,10,10,28,28,"mortality_0.8","mortality",0.8
"WP","mountaintill",912,0,0,NA,NA,NA,0,"mortality_0.8","mortality",0.8
"WP","richnhw",912,0,0,NA,NA,NA,0,"mortality_0.8","mortality",0.8
"YB","clayplain",342,214,0.625730994152047,23,15.4906542056075,10,10,"mortality_0.8","mortality",0.8
"YB","granitictill",342,163,0.476608187134503,20,14.239263803681,10,10,"mortality_0.8","mortality",0.8
"YB","mountaintill",342,169,0.494152046783626,21,14.4733727810651,10,10,"mortality_0.8","mortality",0.8
"YB","richnhw",342,231,0.675438596491228,24,15.978354978355,10,10,"mortality_0.8","mortality",0.8
"BM","clayplain",912,147,0.161184210526316,15,11.8707482993197,10,10,"mortality_1","mortality",1
"BM","granitictill",912,123,0.134868421052632,16,11.8861788617886,10,10,"mortality_1","mortality",1
"BM","mountaintill",912,156,0.171052631578947,16,12.4294871794872,10,10,"mortality_1","mortality",1
"BM","richnhw",912,142,0.155701754385965,16,12.4788732394366,12,12,"mortality_1","mortality",1
"PB","clayplain",912,82,0.0899122807017544,16,12.1829268292683,28,28,"mortality_1","mortality",1
"PB","granitictill",912,92,0.100877192982456,17,12.8695652173913,28,28,"mortality_1","mortality",1
"PB","mountaintill",912,81,0.0888157894736842,18,13.4938271604938,28,28,"mortality_1","mortality",1
"PB","richnhw",912,74,0.081140350877193,17,13.3243243243243,28,28,"mortality_1","mortality",1
"RM","clayplain",912,214,0.234649122807018,18,12.6728971962617,10,10,"mortality_1","mortality",1
"RM","granitictill",912,208,0.228070175438596,19,13.0769230769231,10,10,"mortality_1","mortality",1
"RM","mountaintill",912,201,0.220394736842105,20,13.7512437810945,13,13,"mortality_1","mortality",1
"RM","richnhw",912,196,0.214912280701754,19,13.5612244897959,13,13,"mortality_1","mortality",1
"SO","clayplain",912,226,0.24780701754386,19,12.5221238938053,10,10,"mortality_1","mortality",1
"SO","granitictill",912,242,0.265350877192982,19,12.9380165289256,10,10,"mortality_1","mortality",1
"SO","mountaintill",912,235,0.257675438596491,20,13.4297872340426,10,10,"mortality_1","mortality",1
"SO","richnhw",912,241,0.264254385964912,20,13.2821576763485,10,10,"mortality_1","mortality",1
"WO","clayplain",912,310,0.339912280701754,19,13.1064516129032,10,10,"mortality_1","mortality",1
"WO","granitictill",912,336,0.368421052631579,21,13.5535714285714,10,10,"mortality_1","mortality",1
"WO","mountaintill",912,332,0.364035087719298,21,13.7951807228916,10,10,"mortality_1","mortality",1
"WO","richnhw",912,323,0.354166666666667,19,13.5851393188854,10,10,"mortality_1","mortality",1
"WP","clayplain",912,9,0.00986842105263158,11,10.3333333333333,28,28,"mortality_1","mortality",1
"WP","granitictill",912,0,0,NA,NA,NA,0,"mortality_1","mortality",1
"WP","mountaintill",912,0,0,NA,NA,NA,0,"mortality_1","mortality",1
"WP","richnhw",912,0,0,NA,NA,NA,0,"mortality_1","mortality",1
"YB","clayplain",342,191,0.558479532163743,22,14.9528795811518,10,10,"mortality_1","mortality",1
"YB","granitictill",342,145,0.423976608187135,20,13.8620689655172,10,10,"mortality_1","mortality",1
"YB","mountaintill",342,151,0.441520467836257,20,14.1920529801325,10,10,"mortality_1","mortality",1
"YB","richnhw",342,214,0.625730994152047,24,15.6028037383178,10,10,"mortality_1","mortality",1
"BM","clayplain",912,243,0.266447368421053,17,12.3004115226337,10,10,"lev_0.5","lev",0.5
"BM","granitictill",912,242,0.265350877192982,18,12.4214876033058,10,10,"lev_0.5","lev",0.5
"BM","mountaintill",912,259,0.283991228070175,18,12.6370656370656,10,10,"lev_0.5","lev",0.5
"BM","richnhw",912,261,0.286184210526316,18,12.7164750957854,10,10,"lev_0.5","lev",0.5
"PB","clayplain",912,223,0.244517543859649,17,12.4843049327354,10,10,"lev_0.5","lev",0.5
"PB","granitictill",912,228,0.25,19,12.8421052631579,10,10,"lev_0.5","lev",0.5
"PB","mountaintill",912,218,0.239035087719298,19,13.1605504587156,10,10,"lev_0.5","lev",0.5
"PB","richnhw",912,223,0.244517543859649,18,13.0448430493274,10,10,"lev_0.5","lev",0.5
"RM","clayplain",912,334,0.366228070175439,19,13.2365269461078,10,10,"lev_0.5","lev",0.5
"RM","granitictill",912,333,0.365131578947368,19,13.3333333333333,10,10,"lev_0.5","lev",0.5
"RM","mountaintill",912,349,0.382675438596491,20,13.6704871060172,10,10,"lev_0.5","lev",0.5
"RM","richnhw",912,353,0.387061403508772,20,13.657223796034,10,10,"lev_0.5","lev",0.5
"SO","clayplain",912,329,0.360745614035088,20,13.1276595744681,10,10,"lev_0.5","lev",0.5
"SO","granitictill",912,346,0.379385964912281,20,13.3872832369942,10,10,"lev_0.5","lev",0.5
"SO","mountaintill",912,361,0.395833333333333,21,13.6343490304709,10,10,"lev_0.5","lev",0.5
"SO","richnhw",912,358,0.392543859649123,20,13.4664804469274,10,10,"lev_0.5","lev",0.5
"WO","clayplain",912,396,0.434210526315789,20,13.8409090909091,10,10,"lev_0.5","lev",0.5
"WO","granitictill",912,415,0.455043859649123,21,14.0578313253012,10,10,"lev_0.5","lev",0.5
"WO","mountaintill",912,416,0.456140350877193,21,14.0913461538462,10,10,"lev_0.5","lev",0.5
"WO","richnhw",912,419,0.459429824561404,21,14.109785202864,10,10,"lev_0.5","lev",0.5
"WP","clayplain",912,21,0.0230263157894737,11,10.1428571428571,28,28,"lev_0.5","lev",0.5
"WP","granitictill",912,36,0.0394736842105263,12,10.8333333333333,28,28,"lev_0.5","lev",0.5
"WP","mountaintill",912,30,0.0328947368421053,12,10.7,28,28,"lev_0.5","lev",0.5
"WP","richnhw",912,21,0.0230263157894737,12,10.4285714285714,28,28,"lev_0.5","lev",0.5
"YB","clayplain",342,235,0.687134502923977,24,16.0851063829787,10,10,"lev_0.5","lev",0.5
"YB","granitictill",342,181,0.529239766081871,21,14.646408839779,10,10,"lev_0.5","lev",0.5
"YB","mountaintill",342,187,0.546783625730994,21,14.8181818181818,10,10,"lev_0.5","lev",0.5
"YB","richnhw",342,246,0.719298245614035,25,16.3943089430894,10,10,"lev_0.5","lev",0.5
"BM","clayplain",912,239,0.262061403508772,17,12.3054393305439,10,10,"lev_0.75","lev",0.75
"BM","granitictill",912,227,0.24890350877193,18,12.4625550660793,10,10,"lev_0.75","lev",0.75
"BM","mountaintill",912,243,0.266447368421053,17,12.6666666666667,10,10,"lev_0.75","lev",0.75
"BM","richnhw",912,246,0.269736842105263,17,12.739837398374,10,10,"lev_0.75","lev",0.75
"PB","clayplain",912,207,0.226973684210526,17,12.5217391304348,10,10,"lev_0.75","lev",0.75
"PB","granitictill",912,199,0.218201754385965,19,12.8994974874372,10,10,"lev_0.75","lev",0.75
"PB","mountaintill",912,182,0.199561403508772,19,13.3351648351648,13,13,"lev_0.75","lev",0.75
"PB","richnhw",912,177,0.194078947368421,18,13.271186440678,13,13,"lev_0.75","lev",0.75
"RM","clayplain",912,324,0.355263157894737,19,13.2067901234568,10,10,"lev_0.75","lev",0.75
"RM","granitictill",912,319,0.349780701754386,19,13.3542319749216,10,10,"lev_0.75","lev",0.75
"RM","mountaintill",912,324,0.355263157894737,20,13.6975308641975,10,10,"lev_0.75","lev",0.75
"RM","richnhw",912,325,0.356359649122807,20,13.7261538461538,10,10,"lev_0.75","lev",0.75
"SO","clayplain",912,324,0.355263157894737,20,13.1018518518519,10,10,"lev_0.75","lev",0.75
"SO","granitictill",912,340,0.37280701754386,20,13.35,10,10,"lev_0.75","lev",0.75
"SO","mountaintill",912,348,0.381578947368421,21,13.6063218390805,10,10,"lev_0.75","lev",0.75
"SO","richnhw",912,349,0.382675438596491,20,13.4699140401146,10,10,"lev_0.75","lev",0.75
"WO","clayplain",912,391,0.428728070175439,20,13.7979539641944,10,10,"lev_0.75","lev",0.75
"WO","granitictill",912,411,0.450657894736842,21,14.0389294403893,10,10,"lev_0.75","lev",0.75
"WO","mountaintill",912,407,0.446271929824561,21,14.0810810810811,10,10,"lev_0.75","lev",0.75
"WO","richnhw",912,403,0.441885964912281,20,14.0272952853598,10,10,"lev_0.75","lev",0.75
"WP","clayplain",912,18,0.0197368421052632,11,10.1666666666667,28,28,"lev_0.75","lev",0.75
"WP","granitictill",912,12,0.0131578947368421,11,10.25,28,28,"lev_0.75","lev",0.75
"WP","mountaintill",912,12,0.0131578947368421,11,10.5,28,28,"lev_0.75","lev",0.75
"WP","richnhw",912,9,0.00986842105263158,11,10.3333333333333,28,28,"lev_0.75","lev",0.75
"YB","clayplain",342,234,0.684210526315789,24,16.0598290598291,10,10,"lev_0.75","lev",0.75
"YB","granitictill",342,181,0.529239766081871,21,14.646408839779,10,10,"lev_0.75","lev",0.75
"YB","mountaintill",342,182,0.532163742690059,21,14.7252747252747,10,10,"lev_0.75","lev",0.75
"YB","richnhw",342,245,0.716374269005848,25,16.3673469387755,10,10,"lev_0.75","lev",0.75
"BM","clayplain",912,226,0.24780701754386,17,12.3274336283186,10,10,"lev_1.25","lev",1.25
"BM","granitictill",912,202,0.221491228070175,18,12.4257425742574,10,10,"lev_1.25","lev",1.25
"BM","mountaintill",912,207,0.226973684210526,17,12.7246376811594,10,10,"lev_1.25","lev",1.25
"BM","richnhw",912,195,0.213815789473684,17,12.9230769230769,10,10,"lev_1.25","lev",1.25
"PB","clayplain",912,162,0.177631578947368,17,12.5802469135802,10,10,"lev_1.25","lev",1.25
"PB","granitictill",912,151,0.165570175438596,19,13.2119205298013,28,28,"lev_1.25","lev",1.25
"PB","mountaintill",912,119,0.130482456140351,19,13.8991596638655,28,28,"lev_1.25","lev",1.25
"PB","richnhw",912,104,0.114035087719298,17,13.6153846153846,28,28,"lev_1.25","lev",1.25
"RM","clayplain",912,302,0.331140350877193,19,13.1953642384106,10,10,"lev_1.25","lev",1.25
"RM","granitictill",912,275,0.301535087719298,19,13.3927272727273,10,10,"lev_1.25","lev",1.25
"RM","mountaintill",912,256,0.280701754385965,20,13.9765625,10,10,"lev_1.25","lev",1.25
"RM","richnhw",912,243,0.266447368421053,19,13.9135802469136,12,12,"lev_1.25","lev",1.25
"SO","clayplain",912,313,0.343201754385965,20,13.0575079872204,10,10,"lev_1.25","lev",1.25
"SO","granitictill",912,318,0.348684210526316,20,13.3018867924528,10,10,"lev_1.25","lev",1.25
"SO","mountaintill",912,307,0.336622807017544,21,13.7752442996743,10,10,"lev_1.25","lev",1.25
"SO","richnhw",912,293,0.321271929824561,20,13.6075085324232,10,10,"lev_1.25","lev",1.25
"WO","clayplain",912,385,0.422149122807018,20,13.774025974026,10,10,"lev_1.25","lev",1.25
"WO","granitictill",912,402,0.440789473684211,21,14.0273631840796,10,10,"lev_1.25","lev",1.25
"WO","mountaintill",912,382,0.418859649122807,21,14.0916230366492,10,10,"lev_1.25","lev",1.25
"WO","richnhw",912,368,0.403508771929825,20,13.9972826086957,10,10,"lev_1.25","lev",1.25
"WP","clayplain",912,18,0.0197368421052632,11,10.1666666666667,28,28,"lev_1.25","lev",1.25
"WP","granitictill",912,3,0.00328947368421053,10,10,28,28,"lev_1.25","lev",1.25
"WP","mountaintill",912,0,0,NA,NA,NA,0,"lev_1.25","lev",1.25
"WP","richnhw",912,0,0,NA,NA,NA,0,"lev_1.25","lev",1.25
"YB","clayplain",342,233,0.681286549707602,24,16.0257510729614,10,10,"lev_1.25","lev",1.25
"YB","granitictill",342,178,0.52046783625731,21,14.6011235955056,10,10,"lev_1.25","lev",1.25
"YB","mountaintill",342,182,0.532163742690059,21,14.7252747252747,10,10,"lev_1.25","lev",1.25
"YB","richnhw",342,241,0.704678362573099,24,16.2448132780083,10,10,"lev_1.25","lev",1.25
"BM","clayplain",912,218,0.239035087719298,17,12.3165137614679,10,10,"lev_1.5","lev",1.5
"BM","granitictill",912,184,0.201754385964912,18,12.5108695652174,10,10,"lev_1.5","lev",1.5
"BM","mountaintill",912,185,0.202850877192982,17,12.7783783783784,10,10,"lev_1.5","lev",1.5
"BM","richnhw",912,174,0.190789473684211,17,12.9022988505747,10,10,"lev_1.5","lev",1.5
"PB","clayplain",912,145,0.158991228070175,17,12.6827586206897,13,13,"lev_1.5","lev",1.5
"PB","granitictill",912,129,0.141447368421053,19,13.4108527131783,28,28,"lev_1.5","lev",1.5
"PB","mountaintill",912,98,0.107456140350877,19,14.1020408163265,28,28,"lev_1.5","lev",1.5
"PB","richnhw",912,79,0.0866228070175439,17,13.7848101265823,28,28,"lev_1.5","lev",1.5
"RM","clayplain",912,292,0.320175438596491,19,13.222602739726,10,10,"lev_1.5","lev",1.5
"RM","granitictill",912,255,0.279605263157895,19,13.4980392156863,10,10,"lev_1.5","lev",1.5
"RM","mountaintill",912,225,0.246710526315789,20,14.0977777777778,13,13,"lev_1.5","lev",1.5
"RM","richnhw",912,214,0.234649122807018,19,14.0373831775701,14,14,"lev_1.5","lev",1.5
"SO","clayplain",912,308,0.337719298245614,20,13.0324675324675,10,10,"lev_1.5","lev",1.5
"SO","granitictill",912,305,0.334429824561404,20,13.3508196721311,10,10,"lev_1.5","lev",1.5
"SO","mountaintill",912,277,0.303728070175439,21,13.8050541516245,10,10,"lev_1.5","lev",1.5
"SO","richnhw",912,267,0.292763157894737,20,13.6179775280899,10,10,"lev_1.5","lev",1.5
"WO","clayplain",912,378,0.414473684210526,20,13.7724867724868,10,10,"lev_1.5","lev",1.5
"WO","granitictill",912,390,0.427631578947368,21,13.9769230769231,10,10,"lev_1.5","lev",1.5
"WO","mountaintill",912,372,0.407894736842105,21,14.0725806451613,10,10,"lev_1.5","lev",1.5
"WO","richnhw",912,354,0.388157894736842,20,13.9858757062147,10,10,"lev_1.5","lev",1.5
"WP","clayplain",912,12,0.0131578947368421,11,10.25,28,28,"lev_1.5","lev",1.5
"WP","granitictill",912,0,0,NA,NA,NA,0,"lev_1.5","lev",1.5
"WP","mountaintill",912,0,0,NA,NA,NA,0,"lev_1.5","lev",1.5
"WP","richnhw",912,0,0,NA,NA,NA,0,"lev_1.5","lev",1.5
"YB","clayplain",342,233,0.681286549707602,24,16.0257510729614,10,10,"lev_1.5","lev",1.5
"YB","granitictill",342,177,0.517543859649123,21,14.5706214689266,10,10,"lev_1.5","lev",1.5
"YB","mountaintill",342,179,0.523391812865497,21,14.6759776536313,10,10,"lev_1.5","lev",1.5
"YB","richnhw",342,240,0.701754385964912,24,16.2125,10,10,"lev_1.5","lev",1.5
"BM","clayplain",912,202,0.221491228070175,16,12.2772277227723,10,10,"price_0.5","price",0.5
"BM","granitictill",912,159,0.174342105263158,18,12.559748427673,10,10,"price_0.5","price",0.5
"BM","mountaintill",912,151,0.165570175438596,17,12.9205298013245,28,28,"price_0.5","price",0.5
"BM","richnhw",912,123,0.134868421052632,17,13.0569105691057,28,28,"price_0.5","price",0.5
"PB","clayplain",912,116,0.12719298245614,17,12.8362068965517,28,28,"price_0.5","price",0.5
"PB","granitictill",912,94,0.103070175438596,19,13.6808510638298,28,28,"price_0.5","price",0.5
"PB","mountaintill",912,60,0.0657894736842105,19,14.4333333333333,28,28,"price_0.5","price",0.5
"PB","richnhw",912,42,0.0460526315789474,17,14.0714285714286,28,28,"price_0.5","price",0.5
"RM","clayplain",912,263,0.288377192982456,19,13.2737642585551,10,10,"price_0.5","price",0.5
"RM","granitictill",912,211,0.231359649122807,19,13.7203791469194,12,12,"price_0.5","price",0.5
"RM","mountaintill",912,175,0.191885964912281,20,14.4914285714286,28,28,"price_0.5","price",0.5
"RM","richnhw",912,152,0.166666666666667,19,14.4013157894737,28,28,"price_0.5","price",0.5
"SO","clayplain",912,284,0.31140350877193,20,13.0598591549296,10,10,"price_0.5","price",0.5
"SO","granitictill",912,267,0.292763157894737,19,13.4157303370787,10,10,"price_0.5","price",0.5
"SO","mountaintill",912,224,0.245614035087719,21,14.0178571428571,13,13,"price_0.5","price",0.5
"SO","richnhw",912,205,0.224780701754386,20,13.8926829268293,14,14,"price_0.5","price",0.5
"WO","clayplain",912,371,0.406798245614035,20,13.733153638814,10,10,"price_0.5","price",0.5
"WO","granitictill",912,373,0.408991228070175,21,13.9785522788204,10,10,"price_0.5","price",0.5
"WO","mountaintill",912,342,0.375,21,14.1374269005848,10,10,"price_0.5","price",0.5
"WO","richnhw",912,323,0.354166666666667,20,14.046439628483,10,10,"price_0.5","price",0.5
"WP","clayplain",912,6,0.00657894736842105,11,10.5,28,28,"price_0.5","price",0.5
"WP","granitictill",912,0,0,NA,NA,NA,0,"price_0.5","price",0.5
"WP","mountaintill",912,0,0,NA,NA,NA,0,"price_0.5","price",0.5
"WP","richnhw",912,0,0,NA,NA,NA,0,"price_0.5","price",0.5
"YB","clayplain",342,232,0.678362573099415,24,16,10,10,"price_0.5","price",0.5
"YB","granitictill",342,172,0.502923976608187,20,14.4244186046512,10,10,"price_0.5","price",0.5
"YB","mountaintill",342,172,0.502923976608187,21,14.5697674418605,10,10,"price_0.5","price",0.5
"YB","richnhw",342,234,0.684210526315789,24,16.0512820512821,10,10,"price_0.5","price",0.5
"BM","clayplain",912,224,0.245614035087719,17,12.3392857142857,10,10,"price_0.75","price",0.75
"BM","granitictill",912,194,0.212719298245614,18,12.4484536082474,10,10,"price_0.75","price",0.75
"BM","mountaintill",912,200,0.219298245614035,17,12.75,10,10,"price_0.75","price",0.75
"BM","richnhw",912,188,0.206140350877193,17,12.9414893617021,10,10,"price_0.75","price",0.75
"PB","clayplain",912,155,0.169956140350877,17,12.6516129032258,11,11,"price_0.75","price",0.75
"PB","granitictill",912,147,0.161184210526316,19,13.2176870748299,28,28,"price_0.75","price",0.75
"PB","mountaintill",912,109,0.119517543859649,19,13.9908256880734,28,28,"price_0.75","price",0.75
"PB","richnhw",912,94,0.103070175438596,17,13.7234042553191,28,28,"price_0.75","price",0.75
"RM","clayplain",912,301,0.330043859649123,19,13.1926910299003,10,10,"price_0.75","price",0.75
"RM","granitictill",912,269,0.294956140350877,19,13.4312267657993,10,10,"price_0.75","price",0.75
"RM","mountaintill",912,243,0.266447368421053,20,14.037037037037,12,12,"price_0.75","price",0.75
"RM","richnhw",912,231,0.253289473684211,19,13.95670995671,13,13,"price_0.75","price",0.75
"SO","clayplain",912,311,0.341008771929825,20,13.0385852090032,10,10,"price_0.75","price",0.75
"SO","granitictill",912,311,0.341008771929825,20,13.3408360128617,10,10,"price_0.75","price",0.75
"SO","mountaintill",912,293,0.321271929824561,21,13.7679180887372,10,10,"price_0.75","price",0.75
"SO","richnhw",912,286,0.31359649122807,20,13.6223776223776,10,10,"price_0.75","price",0.75
"WO","clayplain",912,382,0.418859649122807,20,13.761780104712,10,10,"price_0.75","price",0.75
"WO","granitictill",912,400,0.43859649122807,21,14.0175,10,10,"price_0.75","price",0.75
"WO","mountaintill",912,380,0.416666666666667,21,14.0947368421053,10,10,"price_0.75","price",0.75
"WO","richnhw",912,364,0.399122807017544,20,14,10,10,"price_0.75","price",0.75
"WP","clayplain",912,18,0.0197368421052632,11,10.1666666666667,28,28,"price_0.75","price",0.75
"WP","granitictill",912,0,0,NA,NA,NA,0,"price_0.75","price",0.75
"WP","mountaintill",912,0,0,NA,NA,NA,0,"price_0.75","price",0.75
"WP","richnhw",912,0,0,NA,NA,NA,0,"price_0.75","price",0.75
"YB","clayplain",342,233,0.681286549707602,24,16.0257510729614,10,10,"price_0.75","price",0.75
"YB","granitictill",342,178,0.52046783625731,21,14.6011235955056,10,10,"price_0.75","price",0.75
"YB","mountaintill",342,181,0.529239766081871,21,14.7237569060773,10,10,"price_0.75","price",0.75
"YB","richnhw",342,241,0.704678362573099,24,16.2448132780083,10,10,"price_0.75","price",0.75
"BM","clayplain",912,239,0.262061403508772,17,12.3054393305439,10,10,"price_1.5","price",1.5
"BM","granitictill",912,232,0.254385964912281,18,12.4310344827586,10,10,"price_1.5","price",1.5
"BM","mountaintill",912,246,0.269736842105263,17,12.6463414634146,10,10,"price_1.5","price",1.5
"BM","richnhw",912,251,0.275219298245614,18,12.7729083665339,10,10,"price_1.5","price",1.5
"PB","clayplain",912,214,0.234649122807018,17,12.4953271028037,10,10,"price_1.5","price",1.5
"PB","granitictill",912,210,0.230263157894737,19,12.8380952380952,10,10,"price_1.5","price",1.5
"PB","mountaintill",912,189,0.207236842105263,19,13.2486772486772,11,11,"price_1.5","price",1.5
"PB","richnhw",912,188,0.206140350877193,18,13.186170212766,12,12,"price_1.5","price",1.5
"RM","clayplain",912,325,0.356359649122807,19,13.2092307692308,10,10,"price_1.5","price",1.5
"RM","granitictill",912,324,0.355263157894737,19,13.3395061728395,10,10,"price_1.5","price",1.5
"RM","mountaintill",912,334,0.366228070175439,20,13.6706586826347,10,10,"price_1.5","price",1.5
"RM","richnhw",912,335,0.367324561403509,20,13.7044776119403,10,10,"price_1.5","price",1.5
"SO","clayplain",912,328,0.359649122807018,20,13.125,10,10,"price_1.5","price",1.5
"SO","granitictill",912,341,0.37390350877193,20,13.3519061583578,10,10,"price_1.5","price",1.5
"SO","mountaintill",912,354,0.388157894736842,21,13.6045197740113,10,10,"price_1.5","price",1.5
"SO","richnhw",912,352,0.385964912280702,20,13.4914772727273,10,10,"price_1.5","price",1.5
"WO","clayplain",912,393,0.430921052631579,20,13.8066157760814,10,10,"price_1.5","price",1.5
"WO","granitictill",912,412,0.451754385964912,21,14.0485436893204,10,10,"price_1.5","price",1.5
"WO","mountaintill",912,410,0.449561403508772,21,14.0682926829268,10,10,"price_1.5","price",1.5
"WO","richnhw",912,410,0.449561403508772,20,14.0780487804878,10,10,"price_1.5","price",1.5
"WP","clayplain",912,21,0.0230263157894737,11,10.1428571428571,28,28,"price_1.5","price",1.5
"WP","granitictill",912,15,0.0164473684210526,11,10.4,28,28,"price_1.5","price",1.5
"WP","mountaintill",912,18,0.0197368421052632,12,10.6666666666667,28,28,"price_1.5","price",1.5
"WP","richnhw",912,9,0.00986842105263158,11,10.3333333333333,28,28,"price_1.5","price",1.5
"YB","clayplain",342,234,0.684210526315789,24,16.0598290598291,10,10,"price_1.5","price",1.5
"YB","granitictill",342,181,0.529239766081871,21,14.646408839779,10,10,"price_1.5","price",1.5
"YB","mountaintill",342,183,0.535087719298246,21,14.7322404371585,10,10,"price_1.5","price",1.5
"YB","richnhw",342,246,0.719298245614035,25,16.3943089430894,10,10,"price_1.5","price",1.5
"BM","clayplain",912,243,0.266447368421053,17,12.3004115226337,10,10,"price_2","price",2
"BM","granitictill",912,242,0.265350877192982,18,12.4214876033058,10,10,"price_2","price",2
"BM","mountaintill",912,259,0.283991228070175,18,12.6370656370656,10,10,"price_2","price",2
"BM","richnhw",912,261,0.286184210526316,18,12.7164750957854,10,10,"price_2","price",2
"PB","clayplain",912,223,0.244517543859649,17,12.4843049327354,10,10,"price_2","price",2
"PB","granitictill",912,228,0.25,19,12.8421052631579,10,10,"price_2","price",2
"PB","mountaintill",912,218,0.239035087719298,19,13.1605504587156,10,10,"price_2","price",2
"PB","richnhw",912,223,0.244517543859649,18,13.0448430493274,10,10,"price_2","price",2
"RM","clayplain",912,334,0.366228070175439,19,13.2365269461078,10,10,"price_2","price",2
"RM","granitictill",912,333,0.365131578947368,19,13.3333333333333,10,10,"price_2","price",2
"RM","mountaintill",912,349,0.382675438596491,20,13.6704871060172,10,10,"price_2","price",2
"RM","richnhw",912,353,0.387061403508772,20,13.657223796034,10,10,"price_2","price",2
"SO","clayplain",912,329,0.360745614035088,20,13.1276595744681,10,10,"price_2","price",2
"SO","granitictill",912,346,0.379385964912281,20,13.3872832369942,10,10,"price_2","price",2
"SO","mountaintill",912,361,0.395833333333333,21,13.6343490304709,10,10,"price_2","price",2
"SO","richnhw",912,358,0.392543859649123,20,13.4664804469274,10,10,"price_2","price",2
"WO","clayplain",912,396,0.434210526315789,20,13.8409090909091,10,10,"price_2","price",2
"WO","granitictill",912,415,0.455043859649123,21,14.0578313253012,10,10,"price_2","price",2
"WO","mountaintill",912,416,0.456140350877193,21,14.0913461538462,10,10,"price_2","price",2
"WO","richnhw",912,419,0.459429824561404,21,14.109785202864,10,10,"price_2","price",2
"WP","clayplain",912,21,0.0230263157894737,11,10.1428571428571,28,28,"price_2","price",2
"WP","granitictill",912,36,0.0394736842105263,12,10.8333333333333,28,28,"price_2","price",2
"WP","mountaintill",912,30,0.0328947368421053,12,10.7,28,28,"price_2","price",2
"WP","richnhw",912,21,0.0230263157894737,12,10.4285714285714,28,28,"price_2","price",2
"YB","clayplain",342,235,0.687134502923977,24,16.0851063829787,10,10,"price_2","price",2
"YB","granitictill",342,181,0.529239766081871,21,14.646408839779,10,10,"price_2","price",2
"YB","mountaintill",342,187,0.546783625730994,21,14.8181818181818,10,10,"price_2","price",2
"YB","richnhw",342,246,0.719298245614035,25,16.3943089430894,10,10,"price_2","price",2
